{"solution": 5537376230, "id": 13, "tags": "`#sum` `#largeNumbers`", "py": {"cpu": 2.6219000000000936e-05, "wall": 2.574920654296875e-05}}