{"solution": 5537376230, "id": 13, "tags": "`#sum` `#largeNumbers`", "py": {"cpu": 3.4099000000000976e-05, "wall": 3.337860107421875e-05}, "gpt3_py": {"cpu": 9.781999999999846e-06, "wall": 9.059906005859375e-06}, "gpt4_py": {"cpu": 6.4000000000001556e-06, "wall": 5.7220458984375e-06}}