{"solution": 932718654, "id": 38, "tags": "`#Pandigital` `#Concatenation`", "py": {"cpu": 0.008208759000000001, "wall": 0.008213043212890625}, "gpt_py": {"cpu": 0.005432772000000001, "wall": 0.005437374114990234}}