{"solution": 932718654, "id": 38, "tags": "`#Pandigital` `#Concatenation`", "py": {"cpu": 0.006739558999999999, "wall": 0.006747007369995117}, "gpt3_py": {"cpu": 0.005432772000000001, "wall": 0.005437374114990234}, "gpt4_py": {"cpu": 0.005104049999999999, "wall": 0.0051059722900390625}}