{"solution": 1322, "id": 64, "tags": "`#periodic` `#continuedfractions`", "py": {"cpu": 0.11835532200000001, "wall": 0.11841011047363281}, "gpt_py": "Failed"}