{"solution": 142857, "id": 52, "tags": "`#digitpermutation` `#smallestinteger`", "py": {"cpu": 0.052916334, "wall": 0.052967071533203125}, "gpt_py": {"cpu": 0.080463438, "wall": 0.08053159713745117}}