{"solution": 906609, "id": 4, "tags": "`#Palindrome` `#Multiplication`", "py": {"cpu": 0.00038836800000000005, "wall": 0.0003879070281982422}, "gpt_py": {"cpu": 0.162928794, "wall": 0.16298556327819824}}