{"solution": 906609, "id": 4, "tags": "`#Palindrome` `#Multiplication`", "py": {"cpu": 0.00034060499999999903, "wall": 0.0003399848937988281}, "gpt3_py": {"cpu": 0.162928794, "wall": 0.16298556327819824}, "gpt4_py": {"cpu": 0.062672828, "wall": 0.0627140998840332}}