{"solution": 906609, "id": 4, "tags": "`#Palindrome` `#Multiplication`", "py": {"cpu": 0.00038836800000000005, "wall": 0.0003879070281982422}}