{"solution": 55, "id": 35, "tags": "`#CircularPrimes` `#PrimeNumbers`", "py": {"cpu": 0.23275218599999997, "wall": 0.23287391662597656}, "gpt_py": {"cpu": 4.4214988260000005, "wall": 4.4243323802948}}