{"solution": 55, "id": 35, "tags": "`#CircularPrimes` `#PrimeNumbers`", "py": {"cpu": 0.23275218599999997, "wall": 0.23287391662597656}}