{"solution": 73682, "id": 31, "tags": "`#UKCurrency` `#CoinCombinations`", "py": {"cpu": 3.3170997669999998, "wall": 2.7205841541290283}, "gpt_py": {"cpu": 7.536200000000069e-05, "wall": 7.486343383789062e-05}}