{"solution": 73682, "id": 31, "tags": "`#UKCurrency` `#CoinCombinations`", "py": {"cpu": 3.0870813839999998, "wall": 2.424151659011841}, "gpt3_py": {"cpu": 7.536200000000069e-05, "wall": 7.486343383789062e-05}, "gpt4_py": {"cpu": 4.55130000000005e-05, "wall": 4.4345855712890625e-05}}