{"solution": 70600674, "id": 11, "tags": "`#grid` `#product`", "py": {"cpu": 0.0035193450000000626, "wall": 0.0026416778564453125}, "gpt3_py": {"cpu": 0.00023028699999999916, "wall": 0.0002295970916748047}, "gpt4_py": {"cpu": 0.0004710879999999997, "wall": 0.0004699230194091797}}