{"solution": 70600674, "id": 11, "tags": "`#grid` `#product`", "py": {"cpu": 0.028572052999999986, "wall": 0.0023822784423828125}}