{"solution": 45228, "id": 32, "tags": "`#pandigital` `#multiplication`", "py": {"cpu": 0.6442877549999999, "wall": 0.056288719177246094}, "gpt_py": {"cpu": 0.281752354, "wall": 0.28219103813171387}}