{"solution": 45228, "id": 32, "tags": "`#pandigital` `#multiplication`", "py": {"cpu": 0.5991692820000001, "wall": 0.05119967460632324}, "gpt3_py": {"cpu": 0.281752354, "wall": 0.28219103813171387}, "gpt4_py": {"cpu": 0.017536538, "wall": 0.017546415328979492}}