{"solution": 162, "id": 42, "tags": "`#sequence` `#triangle`", "py": {"cpu": 0.0010228579999999998, "wall": 0.0010221004486083984}, "gpt_py": {"cpu": 0.0009769540000000004, "wall": 0.0009765625}}