{"solution": 162, "id": 42, "tags": "`#sequence` `#triangle`", "py": {"cpu": 0.0010229010000000014, "wall": 0.0012557506561279297}, "gpt3_py": {"cpu": 0.0009769540000000004, "wall": 0.0009765625}, "gpt4_py": {"cpu": 0.0011677429999999989, "wall": 0.0011675357818603516}}