{"solution": 1074, "id": 18, "tags": "`#maximum` `#triangle`", "py": {"cpu": 0.009174804000000036, "wall": 0.0007638931274414062}}