{"solution": 1074, "id": 18, "tags": "`#maximum` `#triangle`", "py": {"cpu": 0.026331250000000028, "wall": 0.00041222572326660156}, "gpt3_py": {"cpu": 2.7166999999999816e-05, "wall": 2.6702880859375e-05}, "gpt4_py": {"cpu": 2.6333999999999386e-05, "wall": 2.574920654296875e-05}}