{"solution": 23514624000, "id": 8, "tags": "`#digitproduct` `#adjacentdigits`", "py": {"cpu": 0.0016317640000000008, "wall": 0.0016312599182128906}}