{"solution": 23514624000, "id": 8, "tags": "`#digitproduct` `#adjacentdigits`", "py": {"cpu": 0.0018649699999999988, "wall": 0.0018677711486816406}, "gpt3_py": {"cpu": 0.001361925, "wall": 0.0013613700866699219}, "gpt4_py": {"cpu": 0.001212943000000001, "wall": 0.0012121200561523438}}