{"solution": 25164150, "id": 6, "tags": "`#Arithmetic` `#Algebra`", "py": {"cpu": 7.99499999999849e-06, "wall": 7.152557373046875e-06}, "gpt3_py": {"cpu": 2.555299999999934e-05, "wall": 2.5033950805664062e-05}, "gpt4_py": {"cpu": 9.472999999999426e-06, "wall": 8.344650268554688e-06}}