{"solution": 25164150, "id": 6, "tags": "`#Arithmetic` `#Algebra`", "py": {"cpu": 1.0387999999998329e-05, "wall": 9.5367431640625e-06}}