{"solution": 983, "id": 26, "tags": "`#recurring` `#fractions`", "py": {"cpu": 0.013977626000000002, "wall": 0.013996362686157227}, "gpt3_py": {"cpu": 0.009233874999999999, "wall": 0.009238004684448242}, "gpt4_py": {"cpu": 0.009305628, "wall": 0.009342193603515625}}