{"solution": 983, "id": 26, "tags": "`#recurring` `#fractions`", "py": {"cpu": 0.014494687, "wall": 0.01450204849243164}, "gpt_py": {"cpu": 0.009233874999999999, "wall": 0.009238004684448242}}