{"solution": 26241, "id": 58, "tags": "`#Spiral` `#Primes`", "py": {"cpu": 2.7128444629999997, "wall": 2.713637351989746}, "gpt_py": {"cpu": 4.348911988, "wall": 4.355452060699463}}