{"solution": 26241, "id": 58, "tags": "`#Spiral` `#Primes`", "py": {"cpu": 2.5673107340000003, "wall": 2.5681521892547607}, "gpt3_py": {"cpu": 4.348911988, "wall": 4.355452060699463}, "gpt4_py": {"cpu": 1.611898896, "wall": 1.6124954223632812}}