{"solution": 376, "id": 54, "tags": "`#poker` `#cardgames`", "py": {"cpu": 0.035990621, "wall": 0.036022186279296875}, "gpt_py": "Failed"}