{"solution": 972, "id": 56, "tags": "`#massivenumber` `#digitalsum`", "py": {"cpu": 0.064884208, "wall": 0.06494545936584473}, "gpt3_py": {"cpu": 0.06166056600000001, "wall": 0.06181931495666504}, "gpt4_py": {"cpu": 0.065150809, "wall": 0.06519055366516113}}