{"solution": 972, "id": 56, "tags": "`#massivenumber` `#digitalsum`", "py": {"cpu": 0.058928071000000005, "wall": 0.0589754581451416}, "gpt_py": {"cpu": 0.06166056600000001, "wall": 0.06181931495666504}}