{"solution": 8319823, "id": 70, "tags": "`#Euler` `#Permutation`", "py": {"cpu": 126.407214784, "wall": 126.48829770088196}, "gpt3_py": {"cpu": 243.123362027, "wall": 243.38691759109497}, "gpt4_py": {"cpu": 47.848195005, "wall": 47.86526322364807}}