{"solution": 8319823, "id": 70, "tags": "`#Euler` `#Permutation`", "py": {"cpu": 124.751245233, "wall": 124.78562092781067}, "gpt_py": {"cpu": 243.123362027, "wall": 243.38691759109497}}