{"solution": 837799, "id": 14, "tags": "`#Collatz` `#LongestChain`", "py": {"cpu": 5.589564086999999, "wall": 5.595157146453857}, "gpt3_py": {"cpu": 7.574553654, "wall": 7.576661109924316}, "gpt4_py": {"cpu": 0.498583816, "wall": 0.49892163276672363}}