{"solution": 837799, "id": 14, "tags": "`#Collatz` `#LongestChain`", "py": {"cpu": 5.75336124, "wall": 5.758452653884888}}