{"solution": 171, "id": 19, "tags": "`#date` `#counting`", "py": {"cpu": 0.0007973700000000004, "wall": 0.0007998943328857422}, "gpt3_py": {"cpu": 0.00017774599999999946, "wall": 0.00017714500427246094}, "gpt4_py": {"cpu": 6.654999999999855e-05, "wall": 6.604194641113281e-05}}