{"solution": 171, "id": 19, "tags": "`#date` `#counting`", "py": {"cpu": 0.0007157610000000005, "wall": 0.0007152557373046875}}