{"solution": 296962999629, "id": 49, "tags": "`#PrimePermutation` `#ArithmeticSequence`", "py": {"cpu": 0.0019159299999999997, "wall": 0.0019156932830810547}, "gpt_py": "Failed"}