{"solution": 296962999629, "id": 49, "tags": "`#PrimePermutation` `#ArithmeticSequence`", "py": {"cpu": 0.0017574440000000004, "wall": 0.0017571449279785156}, "gpt3_py": "Failed", "gpt4_py": {"cpu": 0.302170879, "wall": 0.3023693561553955}}