{"solution": 233168, "id": 1, "tags": "`#Multiples` `#Summation`", "py": {"cpu": 4.580700000000014e-05, "wall": 4.5299530029296875e-05}, "gpt3_py": {"cpu": 4.270999999999789e-05, "wall": 4.220008850097656e-05}, "gpt4_py": {"cpu": 4.6848000000000375e-05, "wall": 4.6253204345703125e-05}}