{"solution": 233168, "id": 1, "tags": "`#Multiples` `#Summation`", "py": {"cpu": 4.5983000000001176e-05, "wall": 4.5299530029296875e-05}}