{"solution": 233168, "id": 1, "tags": "`#Multiples` `#Summation`", "py": {"cpu": 4.5983000000001176e-05, "wall": 4.5299530029296875e-05}, "gpt_py": {"cpu": 4.980300000000104e-05, "wall": 4.9114227294921875e-05}}