{"solution": 661, "id": 66, "tags": "`#Diophantine` `#Equations`", "py": {"cpu": 0.016845262, "wall": 0.01685476303100586}}