{"solution": 661, "id": 66, "tags": "`#Diophantine` `#Equations`", "py": {"cpu": 0.011834755, "wall": 0.011845111846923828}, "gpt4_py": {"cpu": 0.003617074999999999, "wall": 0.0036873817443847656}}