{"solution": 210, "id": 40, "tags": "`#irrationaldecimal` `#digitsequence`", "py": {"cpu": 0.021504191000000002, "wall": 0.02151632308959961}, "gpt_py": {"cpu": 0.09925918, "wall": 0.09943056106567383}}