{"solution": 5777, "id": 46, "tags": "`#GoldbachConjecture` `#NumberTheory`", "py": {"cpu": 0.005033954000000007, "wall": 0.005036830902099609}, "gpt3_py": {"cpu": 0.004424484999999999, "wall": 0.004434108734130859}, "gpt4_py": {"cpu": 0.003391888000000001, "wall": 0.0033931732177734375}}