{"solution": 5777, "id": 46, "tags": "`#GoldbachConjecture` `#NumberTheory`", "py": {"cpu": 0.0072371430000000014, "wall": 0.007241010665893555}, "gpt_py": {"cpu": 0.004424484999999999, "wall": 0.004434108734130859}}