{"solution": 127035954683, "id": 62, "tags": "`#Permutation` `#Cube`", "py": {"cpu": 0.008147343999999999, "wall": 0.008163928985595703}, "gpt3_py": {"cpu": 0.007927296999999998, "wall": 0.007934331893920898}, "gpt4_py": {"cpu": 0.008200638, "wall": 0.008208513259887695}}