{"solution": 127035954683, "id": 62, "tags": "`#Permutation` `#Cube`", "py": {"cpu": 0.009066336999999999, "wall": 0.009074926376342773}, "gpt_py": {"cpu": 0.007927296999999998, "wall": 0.007934331893920898}}