{"solution": 7652413, "id": 41, "tags": "`#Pandigital` `#Prime`", "py": {"cpu": 0.42425378, "wall": 0.42442917823791504}, "gpt3_py": {"cpu": 0.13947599600000002, "wall": 0.1395556926727295}, "gpt4_py": {"cpu": 0.10379032, "wall": 0.10387158393859863}}