{"solution": 7652413, "id": 41, "tags": "`#Pandigital` `#Prime`", "py": {"cpu": 0.552482249, "wall": 0.5535931587219238}, "gpt_py": {"cpu": 0.13947599600000002, "wall": 0.1395556926727295}}