{"solution": 7273, "id": 67, "tags": "`#dynamicprogramming` `#maximumpathsum`", "py": {"cpu": 0.0011312800000000001, "wall": 0.0013685226440429688}, "gpt3_py": {"cpu": 0.0011509199999999997, "wall": 0.005224704742431641}, "gpt4_py": {"cpu": 0.0012845979999999996, "wall": 0.0012874603271484375}}