{"solution": 7273, "id": 67, "tags": "`#dynamicprogramming` `#maximumpathsum`", "py": {"cpu": 0.0012087969999999976, "wall": 0.0012118816375732422}, "gpt_py": {"cpu": 0.0011509199999999997, "wall": 0.005224704742431641}}