{"solution": 249, "id": 55, "tags": "`#Palindrome` `#Lychrel`", "py": {"cpu": 0.09333350700000001, "wall": 0.0937187671661377}, "gpt3_py": {"cpu": 0.021084904, "wall": 0.021302223205566406}, "gpt4_py": {"cpu": 0.016081439, "wall": 0.016100406646728516}}