{"solution": 249, "id": 55, "tags": "`#Palindrome` `#Lychrel`", "py": {"cpu": 0.105265891, "wall": 0.10531067848205566}, "gpt_py": {"cpu": 0.021084904, "wall": 0.021302223205566406}}