{"solution": 1366, "id": 16, "tags": "`#exponential` `#digitalsum`", "py": {"cpu": 3.7799000000001554e-05, "wall": 3.743171691894531e-05}, "gpt_py": {"cpu": 4.8977999999998134e-05, "wall": 4.839897155761719e-05}}