{"solution": 1366, "id": 16, "tags": "`#exponential` `#digitalsum`", "py": {"cpu": 3.7799000000001554e-05, "wall": 3.743171691894531e-05}}