{"solution": 1366, "id": 16, "tags": "`#exponential` `#digitalsum`", "py": {"cpu": 3.6194000000001544e-05, "wall": 3.600120544433594e-05}, "gpt3_py": {"cpu": 4.8977999999998134e-05, "wall": 4.839897155761719e-05}, "gpt4_py": {"cpu": 3.2683000000000365e-05, "wall": 3.1948089599609375e-05}}