{"solution": 21124, "id": 17, "tags": "`#WordCount` `#NumberWords`", "py": {"cpu": 0.0003565189999999996, "wall": 0.0003559589385986328}}