{"solution": 21124, "id": 17, "tags": "`#WordCount` `#NumberWords`", "py": {"cpu": 0.00029607300000000086, "wall": 0.0002951622009277344}, "gpt3_py": {"cpu": 0.0002426240000000003, "wall": 0.00024199485778808594}, "gpt4_py": {"cpu": 0.00026550199999999906, "wall": 0.00026488304138183594}}