{"solution": 21124, "id": 17, "tags": "`#WordCount` `#NumberWords`", "py": {"cpu": 0.0003565189999999996, "wall": 0.0003559589385986328}, "gpt_py": {"cpu": 0.0002426240000000003, "wall": 0.00024199485778808594}}