{"solution": 4179871, "id": 23, "tags": "`#numbertheory` `#sumofdivisors`", "py": {"cpu": 3.763588785, "wall": 3.7645606994628906}, "gpt_py": {"cpu": 1.381364657, "wall": 1.382535696029663}}