{"solution": 4179871, "id": 23, "tags": "`#numbertheory` `#sumofdivisors`", "py": {"cpu": 3.763588785, "wall": 3.7645606994628906}}