{"solution": 5482660, "id": 44, "tags": "`#Pentagonal` `#Mathematics`", "py": {"cpu": 54.964070707000005, "wall": 55.0571711063385}, "gpt_py": {"cpu": 4.130346289, "wall": 4.131633996963501}}