{"solution": 5482660, "id": 44, "tags": "`#Pentagonal` `#Mathematics`", "py": {"cpu": 52.97741556, "wall": 53.02487230300903}, "gpt3_py": {"cpu": 4.130346289, "wall": 4.131633996963501}, "gpt4_py": {"cpu": 0.368658284, "wall": 0.368959903717041}}