{"solution": 134043, "id": 47, "tags": "`#PrimeFactors` `#ConsecutiveIntegers`", "py": {"cpu": 0.22333482999999998, "wall": 0.22345972061157227}, "gpt_py": {"cpu": 0.36611486899999995, "wall": 0.36621665954589844}}