{"solution": 134043, "id": 47, "tags": "`#PrimeFactors` `#ConsecutiveIntegers`", "py": {"cpu": 0.20370053500000002, "wall": 0.20416688919067383}, "gpt3_py": {"cpu": 0.36611486899999995, "wall": 0.36621665954589844}, "gpt4_py": "Failed"}