{"solution": 997651, "id": 50, "tags": "`#consecutiveprimes` `#primenumbers`", "py": {"cpu": 0.06786368299999998, "wall": 0.0678865909576416}, "gpt_py": "Failed"}
