{"solution": 40730, "id": 34, "tags": "`#FactorialSum` `#CuriousNumber`", "py": {"cpu": 5.8978027520000005, "wall": 5.899141311645508}, "gpt_py": {"cpu": 0.07475749500000001, "wall": 0.0750577449798584}}