{"solution": 40730, "id": 34, "tags": "`#FactorialSum` `#CuriousNumber`", "py": {"cpu": 4.9524709819999995, "wall": 4.954189300537109}, "gpt3_py": {"cpu": 0.07475749500000001, "wall": 0.0750577449798584}, "gpt4_py": {"cpu": 2.1993457750000003, "wall": 2.200138807296753}}