{"solution": 9183, "id": 29, "tags": "`#integercombinations` `#distinctterms`", "py": {"cpu": 0.580104022, "wall": 0.580294132232666}, "gpt_py": {"cpu": 0.0036900099999999988, "wall": 0.0036923885345458984}}