{"solution": 9183, "id": 29, "tags": "`#integercombinations` `#distinctterms`", "py": {"cpu": 0.580104022, "wall": 0.580294132232666}}