{"solution": 104743, "id": 7, "tags": "`#prime` `#number`", "py": {"cpu": 0.04643978, "wall": 0.04646158218383789}}