{"solution": 104743, "id": 7, "tags": "`#prime` `#number`", "py": {"cpu": 0.04643978, "wall": 0.04646158218383789}, "gpt_py": {"cpu": 1.276626362, "wall": 1.2784264087677002}}