{"solution": 104743, "id": 7, "tags": "`#prime` `#number`", "py": {"cpu": 0.03852427, "wall": 0.038579463958740234}, "gpt3_py": {"cpu": 1.276626362, "wall": 1.2784264087677002}, "gpt4_py": {"cpu": 0.034885504, "wall": 0.03492450714111328}}