{"solution": 137846528820, "id": 15, "tags": "`#Combinatorics` `#GridPaths`", "py": {"cpu": 0.006035899000000011, "wall": 0.0005021095275878906}, "gpt_py": {"cpu": 4.9956000000000306e-05, "wall": 4.9114227294921875e-05}}