{"solution": 137846528820, "id": 15, "tags": "`#Combinatorics` `#GridPaths`", "py": {"cpu": 0.002748654000000017, "wall": 0.0005671977996826172}, "gpt3_py": {"cpu": 4.9956000000000306e-05, "wall": 4.9114227294921875e-05}, "gpt4_py": {"cpu": 4.830000000000806e-06, "wall": 4.0531158447265625e-06}}