{"solution": 137846528820, "id": 15, "tags": "`#Combinatorics` `#GridPaths`", "py": {"cpu": 0.006035899000000011, "wall": 0.0005021095275878906}}