{"solution": 6857, "id": 3, "tags": "`#primefactors` `#largestprime`", "py": {"cpu": 0.031296374, "wall": 0.03131461143493652}, "gpt_py": {"cpu": 9.84509999999994e-05, "wall": 9.775161743164062e-05}}