{"solution": 6857, "id": 3, "tags": "`#primefactors` `#largestprime`", "py": {"cpu": 0.031296374, "wall": 0.03131461143493652}}