{"solution": 4075, "id": 53, "tags": "`#Combinatorics` `#BinomialCoefficient`", "py": {"cpu": 0.005249771, "wall": 0.005251407623291016}, "gpt_py": {"cpu": 0.0045888479999999995, "wall": 0.0045926570892333984}}