{"solution": 4075, "id": 53, "tags": "`#Combinatorics` `#BinomialCoefficient`", "py": {"cpu": 0.005499111000000001, "wall": 0.005503654479980469}, "gpt3_py": {"cpu": 0.0045888479999999995, "wall": 0.0045926570892333984}, "gpt4_py": {"cpu": 0.005482315999999999, "wall": 0.005486726760864258}}