{"solution": 16695334890, "id": 43, "tags": "`#pandigital` `#sub-string-divisibility`", "py": {"cpu": 5.427227537, "wall": 5.428375244140625}, "gpt_py": {"cpu": 1.727458086, "wall": 1.7278244495391846}}