{"solution": 16695334890, "id": 43, "tags": "`#pandigital` `#sub-string-divisibility`", "py": {"cpu": 4.607545198, "wall": 4.609100341796875}, "gpt3_py": {"cpu": 1.727458086, "wall": 1.7278244495391846}, "gpt4_py": {"cpu": 1.7783623949999998, "wall": 1.7801551818847656}}