{"solution": 6531031914842725, "id": 68, "tags": "`#MagicRing` `#Max16DigitString`", "py": {"cpu": 3.398673418, "wall": 3.3993849754333496}, "gpt_py": "Failed"}