{"solution": 6531031914842725, "id": 68, "tags": "`#MagicRing` `#Max16DigitString`", "py": {"cpu": 3.5307337139999997, "wall": 3.53289532661438}, "gpt3_py": "Failed", "gpt4_py": {"cpu": 0.660407531, "wall": 0.6606426239013672}}