{"solution": 1533776805, "id": 45, "tags": "`#NumberSequence`", "py": {"cpu": 0.539182812, "wall": 0.5395550727844238}, "gpt_py": {"cpu": 0.010124606000000001, "wall": 0.010131597518920898}}