{"solution": 1533776805, "id": 45, "tags": "`#NumberSequence`", "py": {"cpu": 0.6098606959999999, "wall": 0.6104526519775391}, "gpt3_py": {"cpu": 0.010124606000000001, "wall": 0.010131597518920898}, "gpt4_py": {"cpu": 0.023124753, "wall": 0.02315068244934082}}