{"solution": 669171001, "id": 28, "tags": "`#spiral` `#diagonals`", "py": {"cpu": 0.00012695900000000114, "wall": 0.0001266002655029297}, "gpt3_py": {"cpu": 0.00011307000000000157, "wall": 0.0001125335693359375}, "gpt4_py": {"cpu": 9.849399999999932e-05, "wall": 9.775161743164062e-05}}