{"solution": 669171001, "id": 28, "tags": "`#spiral` `#diagonals`", "py": {"cpu": 0.00013388299999999784, "wall": 0.00013327598571777344}}