{"solution": 100, "id": 33, "tags": "`#CuriousFractions` `#SimplificationError`", "py": {"cpu": 0.0007810189999999991, "wall": 0.0007834434509277344}}