{"solution": 2783915640, "id": 24, "tags": "`#Permutations` `#LexicographicOrder`", "py": {"cpu": 1.3156000000000279e-05, "wall": 1.2874603271484375e-05}}