{"solution": 272, "id": 65, "tags": "`#continuedfractions` `#numeratorsum`", "py": {"cpu": 2.9997000000000357e-05, "wall": 2.9325485229492188e-05}, "gpt_py": {"cpu": 2.116099999999871e-05, "wall": 2.0503997802734375e-05}}