{"solution": 31875000, "id": 9, "tags": "`#Pythagorean` `#Triplet`", "py": {"cpu": 0.0040154510000000015, "wall": 0.0040171146392822266}, "gpt3_py": {"cpu": 0.084647417, "wall": 0.08468794822692871}, "gpt4_py": {"cpu": 0.013358074999999999, "wall": 0.013364076614379883}}