{"solution": 31875000, "id": 9, "tags": "`#Pythagorean` `#Triplet`", "py": {"cpu": 0.005254599000000002, "wall": 0.005258798599243164}, "gpt_py": {"cpu": 0.084647417, "wall": 0.08468794822692871}}