{"solution": 303963552391, "id": 72, "tags": "`#prime`", "py": {"cpu": 17.417456674, "wall": 17.424100160598755}, "gpt3_py": "Failed", "gpt4_py": {"cpu": 7.845133546, "wall": 7.848027229309082}}