{"solution": 303963552391, "id": 72, "tags": "`#prime`", "py": {"cpu": 17.151249917999998, "wall": 17.156458854675293}, "gpt_py": "Failed"}