{"solution": 840, "id": 39, "tags": "`#Pythagorean` `#Perimeter`", "py": {"cpu": 0.070808803, "wall": 0.07084059715270996}, "gpt_py": {"cpu": 13.05755461, "wall": 13.061826467514038}}