{"solution": 840, "id": 39, "tags": "`#Pythagorean` `#Perimeter`", "py": {"cpu": 0.039530167, "wall": 0.039629459381103516}, "gpt3_py": {"cpu": 13.05755461, "wall": 13.061826467514038}, "gpt4_py": {"cpu": 0.006709279999999998, "wall": 0.006714820861816406}}