{"solution": 510510, "id": 69, "tags": "`#Euler` `#Totient`", "gpt_py": {"cpu": 6.696962268, "wall": 6.752540588378906}}