{"solution": 510510, "id": 69, "tags": "`#EulerTotient` `#Optimization`", "py": {"cpu": 4.595999999912337e-06, "wall": 2.384185791015625e-06}, "gpt_py": {"cpu": 8.083337529, "wall": 8.086353302001953}}