{"solution": 28684, "id": 61, "tags": "`#figurate` `#cyclic`", "py": {"cpu": 0.0007463370000000032, "wall": 0.0007457733154296875}, "gpt_py": "Failed"}