{"solution": 121313, "id": 51, "tags": "`#numbertheory` `#primefamily`", "py": {"cpu": 1.011853294, "wall": 1.0129508972167969}, "gpt_py": "Failed"}