{"solution": 121313, "id": 51, "tags": "`#numbertheory` `#primefamily`", "py": {"cpu": 0.96728816, "wall": 0.9679214954376221}, "gpt3_py": "Failed"}