{"solution": 4782, "id": 25, "tags": "`#Fibonacci` `#Digits`", "py": {"cpu": 0.017492568, "wall": 0.017498493194580078}, "gpt3_py": {"cpu": 0.019261363, "wall": 0.01928877830505371}, "gpt4_py": {"cpu": 0.017321458999999997, "wall": 0.017334938049316406}}