{"solution": 4782, "id": 25, "tags": "`#Fibonacci` `#Digits`", "py": {"cpu": 0.018810642, "wall": 0.018823862075805664}}