{"solution": 4782, "id": 25, "tags": "`#Fibonacci` `#Digits`", "py": {"cpu": 0.018810642, "wall": 0.018823862075805664}, "gpt_py": {"cpu": 0.019261363, "wall": 0.01928877830505371}}