{"solution": 31626, "id": 21, "tags": "`#AmicableNumbers` `#Divisors`", "py": {"cpu": 0.5479504159999999, "wall": 0.5483090877532959}, "gpt3_py": {"cpu": 2.412487156, "wall": 2.414354085922241}, "gpt4_py": {"cpu": 0.027579534, "wall": 0.02765488624572754}}