{"solution": 31626, "id": 21, "tags": "`#AmicableNumbers` `#Divisors`", "py": {"cpu": 0.623851517, "wall": 0.6240034103393555}}