{"solution": 4613732, "id": 2, "tags": "`#Fibonacci` `#Summation`", "py": {"cpu": 4.511000000000445e-06, "wall": 3.814697265625e-06}}