{"solution": 4613732, "id": 2, "tags": "`#Fibonacci` `#Summation`", "py": {"cpu": 4.814000000000554e-06, "wall": 4.291534423828125e-06}, "gpt3_py": {"cpu": 5.328000000000624e-06, "wall": 4.76837158203125e-06}, "gpt4_py": {"cpu": 4.709999999999784e-06, "wall": 3.814697265625e-06}}