{"solution": 9110846700, "id": 48, "tags": "`#exponential` `#digitcalculation`", "py": {"cpu": 0.005064840999999999, "wall": 0.005068063735961914}, "gpt3_py": {"cpu": 0.005047727, "wall": 0.005054473876953125}, "gpt4_py": {"cpu": 0.005005664, "wall": 0.005010843276977539}}