{"solution": 9110846700, "id": 48, "tags": "`#exponential` `#digitcalculation`", "py": {"cpu": 0.005190510000000001, "wall": 0.005199909210205078}, "gpt_py": {"cpu": 0.005047727, "wall": 0.005054473876953125}}