{"solution": -59231, "id": 27, "tags": "`#quadraticprimes` `#coefficientsproduct`", "py": {"cpu": 0.08769821199999994, "wall": 0.08771848678588867}, "gpt_py": {"cpu": 1.770852571, "wall": 1.7722907066345215}}