{"solution": -59231, "id": 27, "tags": "`#quadraticprimes` `#coefficientsproduct`", "py": {"cpu": 0.08769821199999994, "wall": 0.08771848678588867}}