{"solution": 232792560, "id": 5, "tags": "`#smallestnumber` `#divisibility`", "py": {"cpu": 2.049900000000021e-05, "wall": 2.002716064453125e-05}, "gpt_py": {"cpu": 0.011780033999999998, "wall": 0.011788129806518555}}