{"solution": 232792560, "id": 5, "tags": "`#smallestnumber` `#divisibility`", "py": {"cpu": 2.424699999999981e-05, "wall": 2.3603439331054688e-05}, "gpt3_py": {"cpu": 0.011780033999999998, "wall": 0.011788129806518555}, "gpt4_py": {"cpu": 7.1189999999998754e-06, "wall": 5.9604644775390625e-06}}