{"solution": 648, "id": 20, "tags": "`#Factorial` `#DigitSum`", "py": {"cpu": 2.7853999999999032e-05, "wall": 2.7418136596679688e-05}, "gpt_py": {"cpu": 2.5576000000001112e-05, "wall": 2.47955322265625e-05}}