{"solution": 648, "id": 20, "tags": "`#Factorial` `#DigitSum`", "py": {"cpu": 2.7853999999999032e-05, "wall": 2.7418136596679688e-05}}