{"solution": 648, "id": 20, "tags": "`#Factorial` `#DigitSum`", "py": {"cpu": 2.8053000000000106e-05, "wall": 2.7179718017578125e-05}, "gpt3_py": {"cpu": 2.5576000000001112e-05, "wall": 2.47955322265625e-05}, "gpt4_py": {"cpu": 2.963300000000113e-05, "wall": 2.8848648071289062e-05}}