{"solution": 129448, "id": 59, "tags": "`#EncryptionMethod` `#XOR`", "py": {"cpu": 0.27922240800000003, "wall": 0.2797210216522217}, "gpt3_py": {"cpu": 0.406064965, "wall": 0.4105246067047119}, "gpt4_py": {"cpu": 0.385422025, "wall": 0.3855915069580078}}