{"solution": 129448, "id": 59, "tags": "`#EncryptionMethod` `#XOR`", "py": {"cpu": 0.381772334, "wall": 0.38234400749206543}, "gpt_py": {"cpu": 0.406064965, "wall": 0.4105246067047119}}