{"solution": 142913828922, "id": 10, "tags": "`#PrimeNumbers` `#Summation`", "py": {"cpu": 1.598698553, "wall": 1.599048137664795}, "gpt_py": {"cpu": 0.14765737499999998, "wall": 0.14776849746704102}}