{"solution": 142913828922, "id": 10, "tags": "`#PrimeNumbers` `#Summation`", "py": {"cpu": 1.605279853, "wall": 1.6059048175811768}, "gpt3_py": {"cpu": 0.14765737499999998, "wall": 0.14776849746704102}, "gpt4_py": {"cpu": 2.342694851, "wall": 2.3440470695495605}}