{"solution": 443839, "id": 30, "tags": "`#digitpowers` `#sum`", "py": {"cpu": 0.352141258, "wall": 0.3522801399230957}, "gpt3_py": {"cpu": 1.5067334289999998, "wall": 1.5077998638153076}, "gpt4_py": {"cpu": 0.274519703, "wall": 0.27486634254455566}}