{"solution": 443839, "id": 30, "tags": "`#digitpowers` `#sum`", "py": {"cpu": 0.542147422, "wall": 0.5428788661956787}}