{"solution": 443839, "id": 30, "tags": "`#digitpowers` `#sum`", "py": {"cpu": 0.542147422, "wall": 0.5428788661956787}, "gpt_py": {"cpu": 1.5067334289999998, "wall": 1.5077998638153076}}