{"solution": 153, "id": 57, "tags": "`#continuedfractions` `#digitcomparison`", "py": {"cpu": 0.0015033949999999994, "wall": 0.001505136489868164}, "gpt_py": {"cpu": 0.0015072269999999999, "wall": 0.0015103816986083984}}