{"solution": 872187, "id": 36, "tags": "`#PalindromicNumbers` `#BinaryConversion`", "py": {"cpu": 0.623761014, "wall": 0.6239275932312012}, "gpt_py": {"cpu": 0.19366852, "wall": 0.19510722160339355}}