{"solution": 872187, "id": 36, "tags": "`#PalindromicNumbers` `#BinaryConversion`", "py": {"cpu": 0.623761014, "wall": 0.6239275932312012}}
