{"solution": 76576500, "id": 12, "tags": "`#TriangleNumbers` `#Divisors`", "py": {"cpu": 1.325593775, "wall": 0.7381012439727783}}