{"solution": 76576500, "id": 12, "tags": "`#TriangleNumbers` `#Divisors`", "py": {"cpu": 1.368194102, "wall": 0.7111282348632812}, "gpt3_py": {"cpu": 1.7195607259999999, "wall": 1.720047950744629}, "gpt4_py": {"cpu": 1.751629325, "wall": 1.7522461414337158}}