{"solution": 76576500, "id": 12, "tags": "`#TriangleNumbers` `#Divisors`", "py": {"cpu": 1.325593775, "wall": 0.7381012439727783}, "gpt_py": {"cpu": 1.7195607259999999, "wall": 1.720047950744629}}