{"solution": 428570, "id": 71, "tags": "`#Fraction` `#Reduced`", "py": {"cpu": 0.050827074, "wall": 0.050858259201049805}, "gpt_py": {"cpu": 0.086056095, "wall": 0.08617162704467773}}