{"solution": 428570, "id": 71, "tags": "`#Fraction` `#Reduced`", "py": {"cpu": 0.051491871, "wall": 0.05152463912963867}, "gpt3_py": {"cpu": 0.086056095, "wall": 0.08617162704467773}, "gpt4_py": {"cpu": 0.092725308, "wall": 0.0927743911743164}}