{"solution": 748317, "id": 37, "tags": "`#Truncatable` `#Primes`", "py": {"cpu": 1.929278827, "wall": 1.9297361373901367}, "gpt_py": {"cpu": 1.4463868100000001, "wall": 1.4467189311981201}}