{"solution": 748317, "id": 37, "tags": "`#Truncatable` `#Primes`", "py": {"cpu": 1.73353152, "wall": 1.7347877025604248}, "gpt3_py": {"cpu": 1.4463868100000001, "wall": 1.4467189311981201}, "gpt4_py": {"cpu": 0.676864472, "wall": 0.6771023273468018}}