{"solution": 871198282, "id": 22, "tags": "`#Sorting` `#AlphabeticalValue`", "py": {"cpu": 0.0026911819999999986, "wall": 0.002694368362426758}, "gpt3_py": {"cpu": 0.003513004, "wall": 0.0040435791015625}, "gpt4_py": {"cpu": 0.0040886510000000004, "wall": 0.0041120052337646484}}