{"solution": 871198282, "id": 22, "tags": "`#Sorting` `#AlphabeticalValue`", "py": {"cpu": 0.002677846999999999, "wall": 0.0026798248291015625}}